[
  {
    "id": "58144db5-0c78-4c7c-a492-e9a7ab1294d9",
    "data": [
      {
        "text": "my ",
        "userDefined": false
      },
      {
        "text": "avers",
        "meta": "@dialog_list",
        "alias": "dialog_list",
        "userDefined": false
      },
      {
        "text": " has problem",
        "userDefined": false
      }
    ],
    "isTemplate": false,
    "count": 0,
    "lang": "en",
    "updated": 0
  },
  {
    "id": "772c7310-3671-4b84-a4e5-09926a587ce0",
    "data": [
      {
        "text": "i have ",
        "userDefined": false
      },
      {
        "text": "problem with my",
        "userDefined": true
      },
      {
        "text": " ",
        "userDefined": false
      },
      {
        "text": "eportal",
        "meta": "@dialog_list",
        "alias": "dialog_list",
        "userDefined": true
      }
    ],
    "isTemplate": false,
    "count": 0,
    "lang": "en",
    "updated": 0
  }
]