[
  {
    "id": "7fa192dd-3ea9-45e0-bba9-c82eb9b5706b",
    "data": [
      {
        "text": "my name is stephen ",
        "userDefined": false
      },
      {
        "text": "200",
        "meta": "@stud-details",
        "alias": "stud-details",
        "userDefined": true
      },
      {
        "text": " level student of ",
        "userDefined": false
      },
      {
        "text": "computer",
        "meta": "@stud-details",
        "alias": "stud-details1",
        "userDefined": true
      },
      {
        "text": " dept with matric ",
        "userDefined": false
      },
      {
        "text": "170404001",
        "meta": "@stud-details",
        "alias": "stud-details",
        "userDefined": true
      }
    ],
    "isTemplate": false,
    "count": 0,
    "lang": "en",
    "updated": 0
  }
]